01.01.2021;;1;N;Standardbrief;0,8;Standardbrief;0,8;;;140;90;0;235;125;5;0;20;;;Die Länge muss mindestens das 1,4-fache der Breite betragen.;Preis nach UStG umsatzsteuerfrei. Für Briefe, Schriftstücke und kleinere Gegenstände bis 20 g. Die Länge muss mindestens das 1,4-fache der Breite betragen.;https://www.deutschepost.de/de/b/brief_postkarte.html;nein;nein
01.01.2021;;11;N;Kompaktbrief;0,95;Kompaktbrief;0,95;;;100;70;0;235;125;10;0;50;;;Die Länge muss mindestens das 1,4-fache der Breite betragen.;Preis nach UStG umsatzsteuerfrei. Für Briefe, Schriftstücke und kleinere Gegenstände bis 50 g. Die Länge muss mindestens das 1,4-fache der Breite betragen.;https://www.deutschepost.de/de/b/brief_postkarte.html;nein;nein
01.01.2021;;21;N;Großbrief;1,55;Großbrief;1,55;;;100;70;0;353;250;20;0;500;;;;Preis nach UStG umsatzsteuerfrei. Für Briefe, Schriftstücke und kleinere Gegenstände bis 500 g.;https://www.deutschepost.de/de/b/brief_postkarte.html;nein;nein
01.01.2021;;31;N;Maxibrief;2,7;Maxibrief;2,7;;;100;70;0;353;250;50;0;1000;;;;Preis nach UStG umsatzsteuerfrei. Für Briefe, Schriftstücke und kleinere Gegenstände bis 1000 g.;https://www.deutschepost.de/de/b/brief_postkarte.html;nein;nein
01.01.2021;;41;N;Maxibrief bis 2000 g + Zusatzentgelt MBf;4,9;Maxibrief;2,7;Zusatzentgelt MBf;2,2;100;70;0;600;300;150;0;2000;;;Höchstmaße alternativ: L + B + H = 900 mm, dabei keine Seite länger als 600 mm.;Preis nach UStG umsatzsteuerfrei. Ein Maxibrief bis 2000 g mit einem Überformat.;https://www.deutschepost.de/de/b/brief_postkarte.html;nein;nein
01.01.2021;;51;N;Postkarte;0,6;Postkarte;0,6;;;140;90;0;235;125;2;;;;;Flächengewicht: 150 g/m2 bis 500 g/m2. Die Länge muss mindestens das 1,4-fache der Breite betragen.;Preis nach UStG umsatzsteuerfrei. Die Länge muss mindestens das 1,4-fache der Breite betragen.;https://www.deutschepost.de/de/b/brief_postkarte.html;nein;nein
01.01.2021;1;195;N;Standardbrief + Prio;1,8;Standardbrief;0,8;Prio;1;140;90;0;235;125;5;0;20;;;Die Länge muss mindestens das 1,4-fache der Breite betragen.;Kombi-Produkt aus Standardbrief (umsatzsteuerfrei) und Zusatzleistung Prio (umsatzsteuerfrei). Sendungsverfolgung per T&T. Einlieferung über die Filialen der Deutschen Post.;https://www.deutschepost.de/de/p/prio.html;nein;nein
01.01.2021;1;196;N;Kompaktbrief + Prio;1,95;Kompaktbrief;0,95;Prio;1;100;70;0;235;125;10;0;50;;;Die Länge muss mindestens das 1,4-fache der Breite betragen.;Kombi-Produkt aus Kompaktbrief (umsatzsteuerfrei) und Zusatzleistung Prio (umsatzsteuerfrei). Sendungsverfolgung per T&T. Einlieferung über die Filialen der Deutschen Post.;https://www.deutschepost.de/de/p/prio.html;nein;nein
01.01.2021;1;197;N;Großbrief + Prio;2,55;Großbrief;1,55;Prio;1;100;70;0;353;250;20;0;500;;;;Kombi-Produkt aus Großbrief (umsatzsteuerfrei) und Zusatzleistung Prio (umsatzsteuerfrei). Sendungsverfolgung per T&T. Einlieferung über die Filialen der Deutschen Post.;https://www.deutschepost.de/de/p/prio.html;nein;nein
01.01.2021;1;198;N;Maxibrief + Prio;3,7;Maxibrief;2,7;Prio;1;100;70;0;353;250;50;0;1000;;;;Kombi-Produkt aus Maxibrief (umsatzsteuerfrei) und Zusatzleistung Prio (umsatzsteuerfrei). Sendungsverfolgung per T&T. Einlieferung über die Filialen der Deutschen Post.;https://www.deutschepost.de/de/p/prio.html;nein;nein
01.01.2021;1;199;N;Maxibrief bis 2000 g + Zusatzentgelt MBf + Prio;5,9;Maxibrief;2,7;Zusatzentgelt MBf + Prio;3,2;100;70;0;600;300;150;0;2000;;;Höchstmaße alternativ: L + B + H = 900 mm, dabei keine Seite länger als 600 mm.;Kombi-Produkt aus Maxibrief bis 2000 g mit einem Überformat (umsatzsteuerfrei) und Zusatzleistung Prio (umsatzsteuerfrei). Sendungsverfolgung per T&T. Einlieferung über die Filialen der Deutschen Post.;https://www.deutschepost.de/de/p/prio.html;nein;nein
01.01.2021;1;200;N;Postkarte + Prio;1,6;Postkarte;0,6;Prio;1;140;90;0;235;125;2;;;;;Flächengewicht: 150 g/m2 bis 500 g/m2. Die Länge muss mindestens das 1,4-fache der Breite betragen.;Kombi-Produkt aus Postkarte (umsatzsteuerfrei) und Zusatzleistung Prio (umsatzsteuerfrei). Sendungsverfolgung per T&T. Einlieferung über die Filialen der Deutschen Post.;https://www.deutschepost.de/de/p/prio.html;nein;nein
01.01.2021;;282;N;Bücher- und Warensendung 500;1,9;BÜCHER- UND WARENSENDUNG 500;1,9;;;100;70;0;353;250;50;0;500;;;;Preis nach UStG umsatzsteuerfrei. Bücher- und Warenversand bis 500 g, 35,3 x 25 x 5 cm. Zustellung bis 4 Werktage. Verschlossener Versand. Keine brieflichen Mitteilungen.;https://www.deutschepost.de/de/w/buecherundwarensendung.html;nein;nein
01.01.2021;;290;N;Bücher- und Warensendung 1000;2,2;BÜCHER- UND WARENSENDUNG 1000;2,2;;;100;70;0;353;250;50;501;1000;;;;Preis nach UStG umsatzsteuerfrei. Bücher- und Warenversand bis 1000 g, 35,3 x 25 x 5 cm. Zustellung bis 4 Werktage. Verschlossener Versand. Keine brieflichen Mitteilungen.;https://www.deutschepost.de/de/w/buecherundwarensendung.html;nein;nein
01.01.2021;;401;N;Streifbandzeitung bis 50 g;0,89;Streifbandzeitung bis 50 g;0,89;;;140;90;0;353;250;50;0;50;;;Einlieferung in Filiale oder Großannahmestelle, bei mehr als 500 Stück immer in Großannahmestelle. Mit Produkt- oder Internetmarke ist die Einlieferung über Briefkasten möglich.;Nutzung exklusiv für Vertragspartner der Deutsche Post Presse Distribution oder gewerbliche Einrichtungen des Pressehandels.;https://www.deutschepost.de/de/p/presse-distribution/produkte/streifbandzeitung.html;nein;nein
01.01.2021;;402;N;Streifbandzeitung bis 100 g;1,19;Streifbandzeitung über 50 g bis 100 g;1,19;;;140;90;0;353;250;50;51;100;;;Einlieferung in Filiale oder Großannahmestelle, bei mehr als 500 Stück immer in Großannahmestelle. Mit Produkt- oder Internetmarke ist die Einlieferung über Briefkasten möglich.;Nutzung exklusiv für Vertragspartner der Deutsche Post Presse Distribution oder gewerbliche Einrichtungen des Pressehandels.;https://www.deutschepost.de/de/p/presse-distribution/produkte/streifbandzeitung.html;nein;nein
01.01.2021;;403;N;Streifbandzeitung bis 250 g;1,37;Streifbandzeitung über 100 g bis 250 g;1,37;;;140;90;0;353;250;50;101;250;;;Einlieferung in Filiale oder Großannahmestelle, bei mehr als 500 Stück immer in Großannahmestelle. Mit Produkt- oder Internetmarke ist die Einlieferung über Briefkasten möglich.;Nutzung exklusiv für Vertragspartner der Deutsche Post Presse Distribution oder gewerbliche Einrichtungen des Pressehandels.;https://www.deutschepost.de/de/p/presse-distribution/produkte/streifbandzeitung.html;nein;nein
01.01.2021;;404;N;Streifbandzeitung bis 500 g;1,67;Streifbandzeitung über 250 g bis 500 g;1,67;;;140;90;0;353;250;50;251;500;;;Einlieferung in Filiale oder Großannahmestelle, bei mehr als 500 Stück immer in Großannahmestelle. Mit Produkt- oder Internetmarke ist die Einlieferung über Briefkasten möglich.;Nutzung exklusiv für Vertragspartner der Deutsche Post Presse Distribution oder gewerbliche Einrichtungen des Pressehandels.;https://www.deutschepost.de/de/p/presse-distribution/produkte/streifbandzeitung.html;nein;nein
01.01.2021;;405;N;Streifbandzeitung bis 1000 g;2,5;Streifbandzeitung über 500 g bis 1000 g;2,5;;;140;90;0;353;250;50;501;1000;;;Einlieferung in Filiale oder Großannahmestelle, bei mehr als 500 Stück immer in Großannahmestelle. Mit Produkt- oder Internetmarke ist die Einlieferung über Briefkasten möglich.;Nutzung exklusiv für Vertragspartner der Deutsche Post Presse Distribution oder gewerbliche Einrichtungen des Pressehandels.;https://www.deutschepost.de/de/p/presse-distribution/produkte/streifbandzeitung.html;nein;nein
01.01.2021;1;1002;N;Standardbrief Integral + EINSCHREIBEN EINWURF;3;Standardbrief;0,8;EINSCHREIBEN EINWURF;2,2;140;90;0;235;125;5;0;20;;;Die Länge muss mindestens das 1,4-fache der Breite betragen.;Preis nach UStG umsatzsteuerfrei. Ein Standardbrief bis 20 g, Zustellnachweis durch Postmitarbeiter, Sendungsverfolgung per T&T, Haftung bis 20 EUR, Einlieferung über die Filialen der Deutschen Post.;https://www.deutschepost.de/de/e/einschreiben.html;nein;nein
01.01.2021;1;1007;N;Standardbrief Integral + EINSCHREIBEN;3,3;Standardbrief;0,8;EINSCHREIBEN;2,5;140;90;0;235;125;5;0;20;;;Die Länge muss mindestens das 1,4-fache der Breite betragen.;Preis nach UStG umsatzsteuerfrei. Ein Standardbrief bis 20 g, Zustellnachweis durch Postmitarbeiter, Sendungsverfolgung per T&T, Haftung bis 25 EUR, Einlieferung über die Filialen der Deutschen Post.;https://www.deutschepost.de/de/e/einschreiben.html;nein;nein
01.01.2021;1;1009;N;Standardbrief Integral + EINSCHREIBEN + EIGENHÄNDIG;5,5;Standardbrief;0,8;EINSCHREIBEN + EIGENHÄNDIG;4,7;140;90;0;235;125;5;0;20;;;Die Länge muss mindestens das 1,4-fache der Breite betragen.;Preis nach UStG umsatzsteuerfrei. Ein Standardbrief bis 20 g, Zustellnachweis durch Postmitarbeiter, Sendungsverfolgung per T&T, Haftung bis 25 EUR, Einlieferung über die Filialen der Deutschen Post.;https://www.deutschepost.de/de/e/einschreiben.html;nein;nein
01.01.2021;1;1012;N;Kompaktbrief Integral + EINSCHREIBEN EINWURF;3,15;Kompaktbrief;0,95;EINSCHREIBEN EINWURF;2,2;100;70;0;235;125;10;0;50;;;Die Länge muss mindestens das 1,4-fache der Breite betragen.;Preis nach UStG umsatzsteuerfrei. Ein Kompaktbrief bis 50 g, Zustellnachweis durch Postmitarbeiter, Sendungsverfolgung per T&T, Haftung bis 20 EUR, Einlieferung über die Filialen der Deutschen Post.;https://www.deutschepost.de/de/e/einschreiben.html;nein;nein
01.01.2021;1;1017;N;Kompaktbrief Integral + EINSCHREIBEN;3,45;Kompaktbrief;0,95;EINSCHREIBEN;2,5;100;70;0;235;125;10;0;50;;;Die Länge muss mindestens das 1,4-fache der Breite betragen.;Preis nach UStG umsatzsteuerfrei. Ein Kompaktbrief bis 50 g, Zustellnachweis durch Postmitarbeiter, Sendungsverfolgung per T&T, Haftung bis 25 EUR, Einlieferung über die Filialen der Deutschen Post.;https://www.deutschepost.de/de/e/einschreiben.html;nein;nein
01.01.2021;1;1019;N;Kompaktbrief Integral + EINSCHREIBEN + EIGENHÄNDIG;5,65;Kompaktbrief;0,95;EINSCHREIBEN + EIGENHÄNDIG;4,7;100;70;0;235;125;10;0;50;;;Die Länge muss mindestens das 1,4-fache der Breite betragen.;Preis nach UStG umsatzsteuerfrei. Ein Kompaktbrief bis 50 g, Zustellnachweis durch Postmitarbeiter, Sendungsverfolgung per T&T, Haftung bis 25 EUR, Einlieferung über die Filialen der Deutschen Post.;https://www.deutschepost.de/de/e/einschreiben.html;nein;nein
01.01.2021;1;1022;N;Großbrief Integral + EINSCHREIBEN EINWURF;3,75;Großbrief;1,55;EINSCHREIBEN EINWURF;2,2;100;70;0;353;250;20;0;500;;;;Preis nach UStG umsatzsteuerfrei. Ein Großbrief bis 500 g, Zustellnachweis durch Postmitarbeiter, Sendungsverfolgung per T&T, Haftung bis 20 EUR, Einlieferung über die Filialen der Deutschen Post.;https://www.deutschepost.de/de/e/einschreiben.html;nein;nein
01.01.2021;1;1027;N;Großbrief Integral + EINSCHREIBEN;4,05;Großbrief;1,55;EINSCHREIBEN;2,5;100;70;0;353;250;20;0;500;;;;Preis nach UStG umsatzsteuerfrei. Ein Großbrief bis 500 g, Zustellnachweis durch Postmitarbeiter, Sendungsverfolgung per T&T, Haftung bis 25 EUR, Einlieferung über die Filialen der Deutschen Post.;https://www.deutschepost.de/de/e/einschreiben.html;nein;nein
01.01.2021;1;1029;N;Großbrief Integral + EINSCHREIBEN + EIGENHÄNDIG;6,25;Großbrief;1,55;EINSCHREIBEN + EIGENHÄNDIG;4,7;100;70;0;353;250;20;0;500;;;;Preis nach UStG umsatzsteuerfrei. Ein Großbrief bis 500 g, Zustellnachweis durch Postmitarbeiter, Sendungsverfolgung per T&T, Haftung bis 25 EUR, Einlieferung über die Filialen der Deutschen Post.;https://www.deutschepost.de/de/e/einschreiben.html;nein;nein
01.01.2021;1;1032;N;Maxibrief Integral + EINSCHREIBEN EINWURF;4,9;Maxibrief;2,7;EINSCHREIBEN EINWURF;2,2;100;70;0;353;250;50;0;1000;;;;Preis nach UStG umsatzsteuerfrei. Ein Maxibrief bis 1000 g, Zustellnachweis durch Postmitarbeiter, Sendungsverfolgung per T&T, Haftung bis 20 EUR, Einlieferung über die Filialen der Deutschen Post.;https://www.deutschepost.de/de/e/einschreiben.html;nein;nein
01.01.2021;1;1037;N;Maxibrief Integral + EINSCHREIBEN;5,2;Maxibrief;2,7;EINSCHREIBEN;2,5;100;70;0;353;250;50;0;1000;;;;Preis nach UStG umsatzsteuerfrei. Ein Maxibrief bis 1000 g, Zustellnachweis durch Postmitarbeiter, Sendungsverfolgung per T&T, Haftung bis 25 EUR, Einlieferung über die Filialen der Deutschen Post.;https://www.deutschepost.de/de/e/einschreiben.html;nein;nein
01.01.2021;1;1039;N;Maxibrief Integral + EINSCHREIBEN + EIGENHÄNDIG;7,4;Maxibrief;2,7;EINSCHREIBEN + EIGENHÄNDIG;4,7;100;70;0;353;250;50;0;1000;;;;Preis nach UStG umsatzsteuerfrei. Ein Maxibrief bis 1000 g, Zustellnachweis durch Postmitarbeiter, Sendungsverfolgung per T&T, Haftung bis 25 EUR, Einlieferung über die Filialen der Deutschen Post.;https://www.deutschepost.de/de/e/einschreiben.html;nein;nein
01.01.2021;1;1042;N;Maxibrief Integral + Zusatzentgelt MBf + EINSCHREIBEN EINWURF;7,1;Maxibrief;2,7;Zusatzentgelt MBf + EINSCHREIBEN EINWURF;4,4;100;70;0;600;300;150;0;2000;;;Höchstmaße alternativ: L + B + H = 900 mm, dabei keine Seite länger als 600 mm.;Preis nach UStG umsatzsteuerfrei. Ein Maxibrief bis 2000 g mit einem Überformat, Zustellnachweis durch Postmitarbeiter, Sendungsverfolgung per T&T, Haftung bis 20 EUR, Einlieferung über die Filialen der Deutschen Post.;https://www.deutschepost.de/de/e/einschreiben.html;nein;nein
01.01.2021;1;1047;N;Maxibrief Integral + Zusatzentgelt MBf + EINSCHREIBEN;7,4;Maxibrief;2,7;Zusatzentgelt MBf + EINSCHREIBEN;4,7;100;70;0;600;300;150;0;2000;;;Höchstmaße alternativ: L + B + H = 900 mm, dabei keine Seite länger als 600 mm.;Preis nach UStG umsatzsteuerfrei. Ein Maxibrief bis 2000 g mit einem Überformat, Zustellnachweis durch Postmitarbeiter, Sendungsverfolgung per T&T, Haftung bis 25 EUR, Einlieferung über die Filialen der Deutschen Post.;https://www.deutschepost.de/de/e/einschreiben.html;nein;nein
01.01.2021;1;1049;N;Maxibrief Integral + Zusatzentgelt MBf + EINSCHREIBEN + EIGENHÄNDIG;9,6;Maxibrief;2,7;Zusatzentgelt MBf + EINSCHREIBEN + EIGENHÄNDIG;6,9;100;70;0;600;300;150;0;2000;;;Höchstmaße alternativ: L + B + H = 900 mm, dabei keine Seite länger als 600 mm.;Preis nach UStG umsatzsteuerfrei. Ein Maxibrief bis 2000 g mit einem Überformat, Zustellnachweis durch Postmitarbeiter, Sendungsverfolgung per T&T, Haftung bis 25 EUR, Einlieferung über die Filialen der Deutschen Post.;https://www.deutschepost.de/de/e/einschreiben.html;nein;nein
01.01.2021;1;1052;N;Postkarte Integral + EINSCHREIBEN EINWURF;2,8;Postkarte;0,6;EINSCHREIBEN EINWURF;2,2;140;90;0;235;125;2;;;;;Flächengewicht: 150 g/m2 bis 500 g/m2. Die Länge muss mindestens das 1,4-fache der Breite betragen.;Preis nach UStG umsatzsteuerfrei. Eine Postkarte, Zustellnachweis durch Postmitarbeiter, Sendungsverfolgung per T&T, Haftung bis 20 EUR, Einlieferung über die Filialen der Deutschen Post.;https://www.deutschepost.de/de/e/einschreiben.html;nein;nein
01.01.2021;1;1057;N;Postkarte Integral + EINSCHREIBEN;3,1;Postkarte;0,6;EINSCHREIBEN;2,5;140;90;0;235;125;2;;;;;Flächengewicht: 150 g/m2 bis 500 g/m2. Die Länge muss mindestens das 1,4-fache der Breite betragen.;Preis nach UStG umsatzsteuerfrei. Eine Postkarte, Zustellnachweis durch Postmitarbeiter, Sendungsverfolgung per T&T, Haftung bis 25 EUR, Einlieferung über die Filialen der Deutschen Post.;https://www.deutschepost.de/de/e/einschreiben.html;nein;nein
01.01.2021;1;1059;N;Postkarte Integral + EINSCHREIBEN + EIGENHÄNDIG;5,3;Postkarte;0,6;EINSCHREIBEN + EIGENHÄNDIG;4,7;140;90;0;235;125;2;;;;;Flächengewicht: 150 g/m2 bis 500 g/m2. Die Länge muss mindestens das 1,4-fache der Breite betragen.;Preis nach UStG umsatzsteuerfrei. Eine Postkarte, Zustellnachweis durch Postmitarbeiter, Sendungsverfolgung per T&T, Haftung bis 25 EUR, Einlieferung über die Filialen der Deutschen Post.;https://www.deutschepost.de/de/e/einschreiben.html;nein;nein
01.01.2021;;10001;I;Standardbrief Intern. GK;1,1;Standardbrief Intern. GK;1,1;;;140;90;0;235;125;5;0;20;;;Die Länge muss mindestens das 1,4-fache der Breite betragen.;Preis nach UStG umsatzsteuerfrei. Für Briefe, Schriftstücke und kleinere Gegenstände bis 20 g. Die Länge muss mindestens das 1,4-fache der Breite betragen.;https://www.deutschepost.de/de/b/briefe-ins-ausland/brief-postkarte-international.html;nein;nein
01.01.2021;;10011;I;Kompaktbrief Intern. GK;1,7;Kompaktbrief Intern. GK;1,7;;;140;90;0;235;125;10;0;50;;;Die Länge muss mindestens das 1,4-fache der Breite betragen.;Preis nach UStG umsatzsteuerfrei. Für Briefe, Schriftstücke und kleinere Gegenstände bis 50 g. Die Länge muss mindestens das 1,4-fache der Breite betragen.;https://www.deutschepost.de/de/b/briefe-ins-ausland/brief-postkarte-international.html;nein;nein
01.01.2021;;10051;I;Großbrief Intern. GK;3,7;Großbrief Intern. GK;3,7;;;140;90;0;600;600;600;0;500;;;Höchstmaße: L + B + H = 900 mm, dabei keine Seite länger als 600 mm.;Preis nach UStG umsatzsteuerfrei. Für Briefe, Schriftstücke und kleinere Gegenstände bis 500 g. Keine Seite länger als 600 mm.;https://www.deutschepost.de/de/b/briefe-ins-ausland/brief-postkarte-international.html;nein;nein
01.01.2021;;10071;I;Maxibrief Intern. bis 1.000g GK;7;Maxibrief Intern. bis 1.000g GK;7;;;140;90;0;600;600;600;501;1000;;;Höchstmaße: L + B + H = 900 mm, dabei keine Seite länger als 600 mm.;Preis nach UStG umsatzsteuerfrei. Für Briefe, Schriftstücke und kleinere Gegenstände bis 1000 g. Keine Seite länger als 600 mm.;https://www.deutschepost.de/de/b/briefe-ins-ausland/brief-postkarte-international.html;nein;nein
01.01.2021;;10091;I;Maxibrief Intern. bis 2.000g GK;17;Maxibrief Intern. bis 2.000g GK;17;;;140;90;0;600;600;600;1001;2000;;;Höchstmaße: L + B + H = 900 mm, dabei keine Seite länger als 600 mm.;Preis nach UStG umsatzsteuerfrei. Für Briefe, Schriftstücke und kleinere Gegenstände bis 2000 g. Keine Seite länger als 600 mm.;https://www.deutschepost.de/de/b/briefe-ins-ausland/brief-postkarte-international.html;nein;nein
01.01.2021;1;10162;I;Brief Kilotarif international ohne USt + EINSCHREIBEN;4,29;Frankierung Brief Kilotarif Stückentgelt;0,79;EINSCHREIBEN;3,5;140;90;0;600;600;600;0;2000;;;Höchstmaße: L + B + H = 900 mm, dabei keine Seite länger als 600 mm.;Preis nach UStG umsatzsteuerfrei. Für Briefe, Schriftstücke und kleinere Gegenstände. Die Länge muss mindestens das 1,4-fache der Breite betragen.;https://www.deutschepost.de/de/b/briefe-ins-ausland/brief-international-kilotarif.html;ja;nein
01.01.2021;;10166;I;Brief Kilotarif international ohne USt.;0,79;Frankierung Brief Kilotarif Stückentgelt;0,79;;;140;90;0;600;600;600;0;2000;;;Höchstmaße: L + B + H = 900 mm, dabei keine Seite länger als 600 mm.;Preis nach UStG umsatzsteuerfrei. Für Briefe, Schriftstücke und kleinere Gegenstände. Die Länge muss mindestens das 1,4-fache der Breite betragen.;https://www.deutschepost.de/de/b/briefe-ins-ausland/brief-international-kilotarif.html;ja;nein
01.01.2021;;10201;I;Postkarte Intern. GK;0,95;Postkarte Intern. GK;0,95;;;140;90;0;235;125;2;;;;;Flächengewicht: 150 g/m2 bis 500 g/m2. Die Länge muss mindestens das 1,4-fache der Breite betragen.;Preis nach UStG umsatzsteuerfrei. Die Länge muss mindestens das 1,4-fache der Breite betragen.;https://www.deutschepost.de/de/b/briefe-ins-ausland/brief-postkarte-international.html;nein;nein
01.01.2021;;10246;I;Warenpost International XS;3,8;Warenpost International XS;3,8;;;140;90;0;353;250;30;0;500;;;;Vertragsprodukt. Umsatzsteuerfrei. Nur Waren als Inhalt, keine schriftlichen Mitteilungen zulässig, eine auf den Inhalt bezogene Rechnung ist zulässig, für Versande in Länder außerhalb der EU ist immer eine Zollinhaltserklärung auf der Sendung anzubringen.;https://www.deutschepost.de/de/b/briefe-ins-ausland/warenpost-international.html;nein;ja
01.01.2021;;10247;I;Warenpost International S;5;Warenpost International S;5;;;140;90;0;600;600;600;0;500;;;Höchstmaße: L + B + H = 900 mm, dabei keine Seite länger als 600 mm.;Vertragsprodukt. Umsatzsteuerfrei. Nur Waren als Inhalt, keine schriftlichen Mitteilungen zulässig, eine auf den Inhalt bezogene Rechnung ist zulässig, für Versande in Länder außerhalb der EU ist immer eine Zollinhaltserklärung auf der Sendung anzubringen.;https://www.deutschepost.de/de/b/briefe-ins-ausland/warenpost-international.html;nein;ja
01.01.2021;;10248;I;Warenpost International M;9;Warenpost International M;9;;;140;90;0;600;600;600;501;1000;;;Höchstmaße: L + B + H = 900 mm, dabei keine Seite länger als 600 mm.;Vertragsprodukt. Umsatzsteuerfrei. Nur Waren als Inhalt, keine schriftlichen Mitteilungen zulässig, eine auf den Inhalt bezogene Rechnung ist zulässig, für Versande in Länder außerhalb der EU ist immer eine Zollinhaltserklärung auf der Sendung anzubringen.;https://www.deutschepost.de/de/b/briefe-ins-ausland/warenpost-international.html;nein;ja
01.01.2021;;10249;I;Warenpost International L;19,9;Warenpost International L;19,9;;;140;90;0;600;600;600;1001;2000;;;Höchstmaße: L + B + H = 900 mm, dabei keine Seite länger als 600 mm.;Vertragsprodukt. Umsatzsteuerfrei. Nur Waren als Inhalt, keine schriftlichen Mitteilungen zulässig, eine auf den Inhalt bezogene Rechnung ist zulässig, für Versande in Länder außerhalb der EU ist immer eine Zollinhaltserklärung auf der Sendung anzubringen.;https://www.deutschepost.de/de/b/briefe-ins-ausland/warenpost-international.html;nein;ja
01.01.2021;1;10250;I;Warenpost International XS Tracked;6,15;Warenpost International XS Tracked;6,15;;;140;90;0;353;250;30;0;500;;;;Vertragsprodukt. Umsatzsteuerfrei. Nur Waren als Inhalt, keine schriftlichen Mitteilungen zulässig, eine auf den Inhalt bezogene Rechnung ist zulässig, für Versande in Länder außerhalb der EU ist immer eine Zollinhaltserklärung auf der Sendung anzubringen.;https://www.deutschepost.de/de/b/briefe-ins-ausland/warenpost-international.html;nein;ja
01.01.2021;1;10251;I;Warenpost International S Tracked;7,35;Warenpost International S Tracked;7,35;;;140;90;0;600;600;600;0;500;;;Höchstmaße: L + B + H = 900 mm, dabei keine Seite länger als 600 mm.;Vertragsprodukt. Umsatzsteuerfrei. Nur Waren als Inhalt, keine schriftlichen Mitteilungen zulässig, eine auf den Inhalt bezogene Rechnung ist zulässig, für Versande in Länder außerhalb der EU ist immer eine Zollinhaltserklärung auf der Sendung anzubringen.;https://www.deutschepost.de/de/b/briefe-ins-ausland/warenpost-international.html;nein;ja
01.01.2021;1;10252;I;Warenpost International M Tracked;11,35;Warenpost International M Tracked;11,35;;;140;90;0;600;600;600;501;1000;;;Höchstmaße: L + B + H = 900 mm, dabei keine Seite länger als 600 mm.;Vertragsprodukt. Umsatzsteuerfrei. Nur Waren als Inhalt, keine schriftlichen Mitteilungen zulässig, eine auf den Inhalt bezogene Rechnung ist zulässig, für Versande in Länder außerhalb der EU ist immer eine Zollinhaltserklärung auf der Sendung anzubringen.;https://www.deutschepost.de/de/b/briefe-ins-ausland/warenpost-international.html;nein;ja
01.01.2021;1;10253;I;Warenpost International L Tracked;22,25;Warenpost International L Tracked;22,25;;;140;90;0;600;600;600;1001;2000;;;Höchstmaße: L + B + H = 900 mm, dabei keine Seite länger als 600 mm.;Vertragsprodukt. Umsatzsteuerfrei. Nur Waren als Inhalt, keine schriftlichen Mitteilungen zulässig, eine auf den Inhalt bezogene Rechnung ist zulässig, für Versande in Länder außerhalb der EU ist immer eine Zollinhaltserklärung auf der Sendung anzubringen.;https://www.deutschepost.de/de/b/briefe-ins-ausland/warenpost-international.html;nein;ja
01.01.2021;;10254;I;Warenpost International XS (EU/USt.);3,81;Warenpost International XS (EU/USt.);3,81;;;140;90;0;353;250;30;0;500;;;;Vertragsprodukt. Umsatzsteuerpflichtig. Nur Waren als Inhalt, keine schriftlichen Mitteilungen zulässig, eine auf den Inhalt bezogene Rechnung ist zulässig, für Versande in Länder außerhalb der EU ist immer eine Zollinhaltserklärung auf der Sendung anzubringen.;https://www.deutschepost.de/de/b/briefe-ins-ausland/warenpost-international.html;nein;ja
01.01.2021;;10255;I;Warenpost International S (EU/USt.);4,4;Warenpost International S (EU/USt.);4,4;;;140;90;0;600;600;600;0;500;;;Höchstmaße: L + B + H = 900 mm, dabei keine Seite länger als 600 mm.;Vertragsprodukt. Umsatzsteuerpflichtig. Nur Waren als Inhalt, keine schriftlichen Mitteilungen zulässig, eine auf den Inhalt bezogene Rechnung ist zulässig, für Versande in Länder außerhalb der EU ist immer eine Zollinhaltserklärung auf der Sendung anzubringen.;https://www.deutschepost.de/de/b/briefe-ins-ausland/warenpost-international.html;nein;ja
01.01.2021;;10256;I;Warenpost International M (EU/USt.);8,33;Warenpost International M (EU/USt.);8,33;;;140;90;0;600;600;600;501;1000;;;Höchstmaße: L + B + H = 900 mm, dabei keine Seite länger als 600 mm.;Vertragsprodukt. Umsatzsteuerpflichtig. Nur Waren als Inhalt, keine schriftlichen Mitteilungen zulässig, eine auf den Inhalt bezogene Rechnung ist zulässig, für Versande in Länder außerhalb der EU ist immer eine Zollinhaltserklärung auf der Sendung anzubringen.;https://www.deutschepost.de/de/b/briefe-ins-ausland/warenpost-international.html;nein;ja
01.01.2021;;10257;I;Warenpost International L (EU/USt.);20,23;Warenpost International L (EU/USt.);20,23;;;140;90;0;600;600;600;1001;2000;;;Höchstmaße: L + B + H = 900 mm, dabei keine Seite länger als 600 mm.;Vertragsprodukt. Umsatzsteuerpflichtig. Nur Waren als Inhalt, keine schriftlichen Mitteilungen zulässig, eine auf den Inhalt bezogene Rechnung ist zulässig, für Versande in Länder außerhalb der EU ist immer eine Zollinhaltserklärung auf der Sendung anzubringen.;https://www.deutschepost.de/de/b/briefe-ins-ausland/warenpost-international.html;nein;ja
01.01.2021;1;10258;I;Warenpost International XS Tracked (EU/USt.);6,6;Warenpost International XS Tracked (EU/USt.);6,6;;;140;90;0;353;250;30;0;500;;;;Vertragsprodukt. Umsatzsteuerpflichtig. Nur Waren als Inhalt, keine schriftlichen Mitteilungen zulässig, eine auf den Inhalt bezogene Rechnung ist zulässig, für Versande in Länder außerhalb der EU ist immer eine Zollinhaltserklärung auf der Sendung anzubringen.;https://www.deutschepost.de/de/b/briefe-ins-ausland/warenpost-international.html;nein;ja
01.01.2021;1;10259;I;Warenpost International S Tracked (EU/USt.);7,2;Warenpost International S Tracked (EU/USt.);7,2;;;140;90;0;600;600;600;0;500;;;Höchstmaße: L + B + H = 900 mm, dabei keine Seite länger als 600 mm.;Vertragsprodukt. Umsatzsteuerpflichtig. Nur Waren als Inhalt, keine schriftlichen Mitteilungen zulässig, eine auf den Inhalt bezogene Rechnung ist zulässig, für Versande in Länder außerhalb der EU ist immer eine Zollinhaltserklärung auf der Sendung anzubringen.;https://www.deutschepost.de/de/b/briefe-ins-ausland/warenpost-international.html;nein;ja
01.01.2021;1;10260;I;Warenpost International M Tracked (EU/USt.);11,13;Warenpost International M Tracked (EU/USt.);11,13;;;140;90;0;600;600;600;501;1000;;;Höchstmaße: L + B + H = 900 mm, dabei keine Seite länger als 600 mm.;Vertragsprodukt. Umsatzsteuerpflichtig. Nur Waren als Inhalt, keine schriftlichen Mitteilungen zulässig, eine auf den Inhalt bezogene Rechnung ist zulässig, für Versande in Länder außerhalb der EU ist immer eine Zollinhaltserklärung auf der Sendung anzubringen.;https://www.deutschepost.de/de/b/briefe-ins-ausland/warenpost-international.html;nein;ja
01.01.2021;1;10261;I;Warenpost International L Tracked (EU/USt.);23,03;Warenpost International L Tracked (EU/USt.);23,03;;;140;90;0;600;600;600;1001;2000;;;Höchstmaße: L + B + H = 900 mm, dabei keine Seite länger als 600 mm.;Vertragsprodukt. Umsatzsteuerpflichtig. Nur Waren als Inhalt, keine schriftlichen Mitteilungen zulässig, eine auf den Inhalt bezogene Rechnung ist zulässig, für Versande in Länder außerhalb der EU ist immer eine Zollinhaltserklärung auf der Sendung anzubringen.;https://www.deutschepost.de/de/b/briefe-ins-ausland/warenpost-international.html;nein;ja
01.01.2021;;10270;I;Warenpost Int. KT (EU/USt.) für Internetmarke;1,5;WARENPOST INT KT EU Internetmarke;1,5;;;140;90;0;600;600;600;0;2000;;;Höchstmaße: L + B + H = 900 mm, dabei keine Seite länger als 600 mm.;Vertragsprodukt. Umsatzsteuerpflichtig. Nur Waren als Inhalt, keine schriftlichen Mitteilungen zulässig, eine auf den Inhalt bezogene Rechnung ist zulässig, für Versande in Länder außerhalb der EU ist immer eine Zollinhaltserklärung auf der Sendung anzubringen.;https://www.deutschepost.de/de/b/briefe-ins-ausland/warenpost-international.html;ja;ja
01.01.2021;1;10271;I;Warenpost Int. KT Tracked (EU/USt.) für Internetmarke;3,6;WARENPOST INT KT TRACKED EU Internetmarke;3,6;;;140;90;0;600;600;600;0;2000;;;Höchstmaße: L + B + H = 900 mm, dabei keine Seite länger als 600 mm.;Vertragsprodukt. Umsatzsteuerpflichtig. Nur Waren als Inhalt, keine schriftlichen Mitteilungen zulässig, eine auf den Inhalt bezogene Rechnung ist zulässig, für Versande in Länder außerhalb der EU ist immer eine Zollinhaltserklärung auf der Sendung anzubringen.;https://www.deutschepost.de/de/b/briefe-ins-ausland/warenpost-international.html;ja;ja
01.01.2021;;10272;I;Warenpost Int. KT (Non EU) für Internetmarke;2;WARENPOST INT KT NON EU Internetmarke;2;;;140;90;0;600;600;600;0;2000;;;Höchstmaße: L + B + H = 900 mm, dabei keine Seite länger als 600 mm.;Vertragsprodukt. Umsatzsteuerfrei. Nur Waren als Inhalt, keine schriftlichen Mitteilungen zulässig, eine auf den Inhalt bezogene Rechnung ist zulässig, für Versande in Länder außerhalb der EU ist immer eine Zollinhaltserklärung auf der Sendung anzubringen.;https://www.deutschepost.de/de/b/briefe-ins-ausland/warenpost-international.html;ja;ja
01.01.2021;1;10273;I;Warenpost Int. KT Tracked (Non EU) für Internetmarke;4,1;WARENPOST INT KT TRACKED NON EU Internetmarke;4,1;;;140;90;0;600;600;600;0;2000;;;Höchstmaße: L + B + H = 900 mm, dabei keine Seite länger als 600 mm.;Vertragsprodukt. Umsatzsteuerfrei. Nur Waren als Inhalt, keine schriftlichen Mitteilungen zulässig, eine auf den Inhalt bezogene Rechnung ist zulässig, für Versande in Länder außerhalb der EU ist immer eine Zollinhaltserklärung auf der Sendung anzubringen.;https://www.deutschepost.de/de/b/briefe-ins-ausland/warenpost-international.html;ja;ja
01.01.2021;;10280;I;Warenpost International XS Unterschrift;7,3;Warenpost International XS Unterschrift;7,3;;;140;90;0;353;250;30;0;500;;;;Vertragsprodukt. Umsatzsteuerfrei. Nur Waren als Inhalt, keine schriftlichen Mitteilungen zulässig, eine auf den Inhalt bezogene Rechnung ist zulässig, für Versande in Länder außerhalb der EU ist immer eine Zollinhaltserklärung auf der Sendung anzubringen.;https://www.deutschepost.de/de/b/briefe-ins-ausland/warenpost-international.html;nein;ja
01.01.2021;;10281;I;Warenpost International S Unterschrift;8,5;Warenpost International S Unterschrift;8,5;;;140;90;0;600;600;600;0;500;;;Höchstmaße: L + B + H = 900 mm, dabei keine Seite länger als 600 mm.;Vertragsprodukt. Umsatzsteuerfrei. Nur Waren als Inhalt, keine schriftlichen Mitteilungen zulässig, eine auf den Inhalt bezogene Rechnung ist zulässig, für Versande in Länder außerhalb der EU ist immer eine Zollinhaltserklärung auf der Sendung anzubringen.;https://www.deutschepost.de/de/b/briefe-ins-ausland/warenpost-international.html;nein;ja
01.01.2021;;10282;I;Warenpost International M Unterschrift;12,5;Warenpost International M Unterschrift;12,5;;;140;90;0;600;600;600;501;1000;;;Höchstmaße: L + B + H = 900 mm, dabei keine Seite länger als 600 mm.;Vertragsprodukt. Umsatzsteuerfrei. Nur Waren als Inhalt, keine schriftlichen Mitteilungen zulässig, eine auf den Inhalt bezogene Rechnung ist zulässig, für Versande in Länder außerhalb der EU ist immer eine Zollinhaltserklärung auf der Sendung anzubringen.;https://www.deutschepost.de/de/b/briefe-ins-ausland/warenpost-international.html;nein;ja
01.01.2021;;10283;I;Warenpost International L Unterschrift;23,4;Warenpost International L Unterschrift;23,4;;;140;90;0;600;600;600;1001;2000;;;Höchstmaße: L + B + H = 900 mm, dabei keine Seite länger als 600 mm.;Vertragsprodukt. Umsatzsteuerfrei. Nur Waren als Inhalt, keine schriftlichen Mitteilungen zulässig, eine auf den Inhalt bezogene Rechnung ist zulässig, für Versande in Länder außerhalb der EU ist immer eine Zollinhaltserklärung auf der Sendung anzubringen.;https://www.deutschepost.de/de/b/briefe-ins-ausland/warenpost-international.html;nein;ja
01.01.2021;;10284;I;Warenpost International XS Unterschrift (EU/USt.);7,97;Warenpost International XS Unterschrift (EU/USt.);7,97;;;140;90;0;353;250;30;0;500;;;;Vertragsprodukt. Umsatzsteuerpflichtig. Nur Waren als Inhalt, keine schriftlichen Mitteilungen zulässig, eine auf den Inhalt bezogene Rechnung ist zulässig, für Versande in Länder außerhalb der EU ist immer eine Zollinhaltserklärung auf der Sendung anzubringen.;https://www.deutschepost.de/de/b/briefe-ins-ausland/warenpost-international.html;nein;ja
01.01.2021;;10285;I;Warenpost International S Unterschrift (EU/USt.);8,57;Warenpost International S Unterschrift (EU/USt.);8,57;;;140;90;0;600;600;600;0;500;;;Höchstmaße: L + B + H = 900 mm, dabei keine Seite länger als 600 mm.;Vertragsprodukt. Umsatzsteuerpflichtig. Nur Waren als Inhalt, keine schriftlichen Mitteilungen zulässig, eine auf den Inhalt bezogene Rechnung ist zulässig, für Versande in Länder außerhalb der EU ist immer eine Zollinhaltserklärung auf der Sendung anzubringen.;https://www.deutschepost.de/de/b/briefe-ins-ausland/warenpost-international.html;nein;ja
01.01.2021;;10286;I;Warenpost International M Unterschrift (EU/USt.);12,5;Warenpost International M Unterschrift (EU/USt.);12,5;;;140;90;0;600;600;600;501;1000;;;Höchstmaße: L + B + H = 900 mm, dabei keine Seite länger als 600 mm.;Vertragsprodukt. Umsatzsteuerpflichtig. Nur Waren als Inhalt, keine schriftlichen Mitteilungen zulässig, eine auf den Inhalt bezogene Rechnung ist zulässig, für Versande in Länder außerhalb der EU ist immer eine Zollinhaltserklärung auf der Sendung anzubringen.;https://www.deutschepost.de/de/b/briefe-ins-ausland/warenpost-international.html;nein;ja
01.01.2021;;10287;I;Warenpost International L Unterschrift (EU/USt.);24,4;Warenpost International L Unterschrift (EU/USt.);24,4;;;140;90;0;600;600;600;1001;2000;;;Höchstmaße: L + B + H = 900 mm, dabei keine Seite länger als 600 mm.;Vertragsprodukt. Umsatzsteuerpflichtig. Nur Waren als Inhalt, keine schriftlichen Mitteilungen zulässig, eine auf den Inhalt bezogene Rechnung ist zulässig, für Versande in Länder außerhalb der EU ist immer eine Zollinhaltserklärung auf der Sendung anzubringen.;https://www.deutschepost.de/de/b/briefe-ins-ausland/warenpost-international.html;nein;ja
01.01.2021;;10292;I;Warenpost Int. KT Unterschrift (EU/USt.) für Internetmarke;4,75;WARENPOST INT KT UNTERSCHRIFT EU Internetmarke;4,75;;;140;90;0;600;600;600;0;2000;;;Höchstmaße: L + B + H = 900 mm, dabei keine Seite länger als 600 mm.;Vertragsprodukt. Umsatzsteuerpflichtig. Nur Waren als Inhalt, keine schriftlichen Mitteilungen zulässig, eine auf den Inhalt bezogene Rechnung ist zulässig, für Versande in Länder außerhalb der EU ist immer eine Zollinhaltserklärung auf der Sendung anzubringen.;https://www.deutschepost.de/de/b/briefe-ins-ausland/warenpost-international.html;ja;ja
01.01.2021;;10293;I;Warenpost Int. KT Unterschrift (Non EU) für Internetmarke;5,25;WARENPOST INT KT UNTERSCHRIFT NON EU Internetmarke;5,25;;;140;90;0;600;600;600;0;2000;;;Höchstmaße: L + B + H = 900 mm, dabei keine Seite länger als 600 mm.;Vertragsprodukt. Umsatzsteuerfrei. Nur Waren als Inhalt, keine schriftlichen Mitteilungen zulässig, eine auf den Inhalt bezogene Rechnung ist zulässig, für Versande in Länder außerhalb der EU ist immer eine Zollinhaltserklärung auf der Sendung anzubringen.;https://www.deutschepost.de/de/b/briefe-ins-ausland/warenpost-international.html;ja;ja
01.01.2021;1;11006;I;Standardbrief Intern. GK Integral + EINSCHREIBEN;4,6;Standardbrief Intern. GK;1,1;EINSCHREIBEN;3,5;140;90;0;235;125;5;0;20;;;Die Länge muss mindestens das 1,4-fache der Breite betragen.;Preis nach UStG umsatzsteuerfrei. Ein Standardbrief INTERNATIONAL bis 20 g, nachgewiesene Übergabe an Empfänger, Sendungsverfolgung per T&T, Haftung, Einlieferung über die Filialen der Deutschen Post.;https://www.deutschepost.de/de/b/briefe-ins-ausland/einschreiben-international.html;nein;nein
01.01.2021;1;11016;I;Kompaktbrief Intern. GK Integral + EINSCHREIBEN;5,2;Kompaktbrief Intern. GK;1,7;EINSCHREIBEN;3,5;140;90;0;235;125;10;0;50;;;Die Länge muss mindestens das 1,4-fache der Breite betragen.;Preis nach UStG umsatzsteuerfrei. Ein Kompaktbrief INTERNATIONAL bis 50 g, nachgewiesene Übergabe an Empfänger, Sendungsverfolgung per T&T, Haftung, Einlieferung über die Filialen der Deutschen Post.;https://www.deutschepost.de/de/b/briefe-ins-ausland/einschreiben-international.html;nein;nein
01.01.2021;1;11056;I;Großbrief Intern. GK Integral + EINSCHREIBEN;7,2;Großbrief Intern. GK;3,7;EINSCHREIBEN;3,5;140;90;0;600;600;600;0;500;;;Höchstmaße: L + B + H = 900 mm, dabei keine Seite länger als 600 mm.;Preis nach UStG umsatzsteuerfrei. Ein Großbrief INTERNATIONAL bis 500 g, nachgewiesene Übergabe an Empfänger, Sendungsverfolgung per T&T, Haftung, Einlieferung über die Filialen der Deutschen Post.;https://www.deutschepost.de/de/b/briefe-ins-ausland/einschreiben-international.html;nein;nein
01.01.2021;1;11076;I;Maxibrief Intern. bis 1.000g GK Integral + EINSCHREIBEN;10,5;Maxibrief Intern. bis 1.000g GK;7;EINSCHREIBEN;3,5;140;90;0;600;600;600;501;1000;;;Höchstmaße: L + B + H = 900 mm, dabei keine Seite länger als 600 mm.;Preis nach UStG umsatzsteuerfrei. Ein Maxibrief INTERNATIONAL bis 1000 g, nachgewiesene Übergabe an  Empfänger, Sendungsverfolgung per T&T, Haftung, Einlieferung über die Filialen der Deutschen Post.;https://www.deutschepost.de/de/b/briefe-ins-ausland/einschreiben-international.html;nein;nein
01.01.2021;1;11096;I;Maxibrief Intern. bis 2.000g GK Integral + EINSCHREIBEN;20,5;Maxibrief Intern. bis 2.000g GK;17;EINSCHREIBEN;3,5;140;90;0;600;600;600;1001;2000;;;Höchstmaße: L + B + H = 900 mm, dabei keine Seite länger als 600 mm.;Preis nach UStG umsatzsteuerfrei. Ein Maxibrief INTERNATIONAL bis 2000 g, nachgewiesene Übergabe an  Empfänger, Sendungsverfolgung per T&T, Haftung, Einlieferung über die Filialen der Deutschen Post.;https://www.deutschepost.de/de/b/briefe-ins-ausland/einschreiben-international.html;nein;nein
01.01.2021;1;11202;I;Postkarte Intern. GK Integral + EINSCHREIBEN;4,45;Postkarte Intern. GK;0,95;EINSCHREIBEN;3,5;140;90;0;235;125;2;;;;;Flächengewicht: 150 g/m2 bis 500 g/m2. Die Länge muss mindestens das 1,4-fache der Breite betragen.;Preis nach UStG umsatzsteuerfrei. Eine Postkarte INTERNATIONAL, nachgewiesene Übergabe an Empfänger, Sendungsverfolgung per T&T, Haftung, Einlieferung über die Filialen der Deutschen Post.;https://www.deutschepost.de/de/b/briefe-ins-ausland/einschreiben-international.html;nein;nein
01.01.2021;;30092;I;Presse Eco 500g;3,5;Presse Eco 500g;3,5;;;140;90;0;600;600;600;0;500;;;Höchstmaße: L + B + H = 900 mm, dabei keine Seite länger als 600 mm.;Preis nach UStG umsatzsteuerfrei. Mit Presse Eco 500g versenden Sie Zeitungen und Zeitschriften.;https://www.deutschepost.de/de/b/briefe-ins-ausland/presse-international.html;nein;nein
01.01.2021;;30112;I;Presse Eco 1000g;6,5;Presse Eco 1000g;6,5;;;140;90;0;600;600;600;501;1000;;;Höchstmaße: L + B + H = 900 mm, dabei keine Seite länger als 600 mm.;Preis nach UStG umsatzsteuerfrei. Mit Presse Eco 1000g versenden Sie Zeitungen und Zeitschriften.;https://www.deutschepost.de/de/b/briefe-ins-ausland/presse-international.html;nein;nein
01.01.2021;;30132;I;Presse Eco 2000g;14;Presse Eco 2000g;14;;;140;90;0;600;600;600;1001;2000;;;Höchstmaße: L + B + H = 900 mm, dabei keine Seite länger als 600 mm.;Preis nach UStG umsatzsteuerfrei. Mit Presse Eco 2000g versenden Sie Zeitungen und Zeitschriften.;https://www.deutschepost.de/de/b/briefe-ins-ausland/presse-international.html;nein;nein
01.01.2021;;30202;I;Presse Prio 500g;3,7;Presse Prio 500g;3,7;;;140;90;0;600;600;600;0;500;;;Höchstmaße: L + B + H = 900 mm, dabei keine Seite länger als 600 mm.;Preis nach UStG umsatzsteuerfrei. Mit Presse Prio 500 g versenden Sie Zeitungen und Zeitschriften. Bitte beachten Sie die Kennzeichnungspflicht der Sendung.;https://www.deutschepost.de/de/b/briefe-ins-ausland/presse-international.html;nein;nein
01.01.2021;1;30207;I;Presse Prio 500g + EINSCHREIBEN;7,2;Presse Prio 500g;3,7;EINSCHREIBEN;3,5;140;90;0;600;600;600;0;500;;;Höchstmaße: L + B + H = 900 mm, dabei keine Seite länger als 600 mm.;Preis nach UStG umsatzsteuerfrei. Presse Prio 500g, nachgewiesene Übergabe an Empfänger, Sendungsverfolgung per T&T, Haftung, Einlieferung über die Filialen der Deutschen Post. Bitte beachten Sie die Kennzeichnungspflicht der Sendung. ;https://www.deutschepost.de/de/b/briefe-ins-ausland/presse-international.html;nein;nein
01.01.2021;;30222;I;Presse Prio 1000g;7;Presse Prio 1000g;7;;;140;90;0;600;600;600;501;1000;;;Höchstmaße: L + B + H = 900 mm, dabei keine Seite länger als 600 mm.;Preis nach UStG umsatzsteuerfrei. Mit Presse Prio 1000 g versenden Sie Zeitungen und Zeitschriften. Bitte beachten Sie die Kennzeichnungspflicht der Sendung.;https://www.deutschepost.de/de/b/briefe-ins-ausland/presse-international.html;nein;nein
01.01.2021;1;30227;I;Presse Prio 1000g + EINSCHREIBEN;10,5;Presse Prio 1000g;7;EINSCHREIBEN;3,5;140;90;0;600;600;600;501;1000;;;Höchstmaße: L + B + H = 900 mm, dabei keine Seite länger als 600 mm.;Preis nach UStG umsatzsteuerfrei. Presse Prio 1000 g, nachgewiesene Übergabe an Empfänger, Sendungsverfolgung per T&T, Haftung, Einlieferung über die Filialen der Deutschen Post. Bitte beachten Sie die Kennzeichnungspflicht der Sendung.;https://www.deutschepost.de/de/b/briefe-ins-ausland/presse-international.html;nein;nein
01.01.2021;;30242;I;Presse Prio 2000g;17;Presse Prio 2000g;17;;;140;90;0;600;600;600;1001;2000;;;Höchstmaße: L + B + H = 900 mm, dabei keine Seite länger als 600 mm.;Preis nach UStG umsatzsteuerfrei. Mit Presse Prio 2000 g versenden Sie Zeitungen und Zeitschriften. Bitte beachten Sie die Kennzeichnungspflicht der Sendung.;https://www.deutschepost.de/de/b/briefe-ins-ausland/presse-international.html;nein;nein
01.01.2021;1;30247;I;Presse Prio 2000g + EINSCHREIBEN;20,5;Presse Prio 2000g;17;EINSCHREIBEN;3,5;140;90;0;600;600;600;1001;2000;;;Höchstmaße: L + B + H = 900 mm, dabei keine Seite länger als 600 mm.;Preis nach UStG umsatzsteuerfrei. Presse Prio 2000g, nachgewiesene Übergabe an Empfänger, Sendungsverfolgung per T&T, Haftung, Einlieferung über die Filialen der Deutschen Post. Bitte beachten Sie die Kennzeichnungspflicht der Sendung. ;https://www.deutschepost.de/de/b/briefe-ins-ausland/presse-international.html;nein;nein
